{
  "80593fbd168979c5513d5948c6b1407ce26c75d1.png": {
    "title": "ODI Learning Roundal Blue-Pink",
    "description": "ODI Learning Roundal Blue-Pink",
    "source": "http://theodi.org/",
    "licence": "All rights reserved",
    "attribution": "The Open Data Institute",
    "tags": []
  },
  "05079bc1902257b19071a7296cfec29fbce6fa48.png": {
    "title": "Scenario2-Right.png",
    "description": "MIT Moral Machine Game",
    "source": "unknown",
    "licence": "unknown",
    "attribution": "unknown",
    "tags": []
  },
  "07b4633fb993836138cec03dcc1d521b6cfc44c3.png": {
    "title": "Scenario6-left.png",
    "description": "MIT Moral Machine Game",
    "source": "unknown",
    "licence": "unknown",
    "attribution": "unknown",
    "tags": []
  },
  "16c0613b5772c6df18e918e69efd3913fc3a5192.png": {
    "title": "Scenario4-right.png",
    "description": "MIT Moral Machine Game",
    "source": "unknown",
    "licence": "unknown",
    "attribution": "unknown",
    "tags": []
  },
  "1b653a53ed45e34159e929b9f8397aeb54fbe705.png": {
    "title": "Scenario3-right.png",
    "description": "MIT Moral Machine Game",
    "source": "unknown",
    "licence": "unknown",
    "attribution": "unknown",
    "tags": []
  },
  "1e6aeed772a622f7a04ff1b3e3e0ae1b8155800c.png": {
    "title": "Scenario1-left.png",
    "description": "MIT Moral Machine Game",
    "source": "unknown",
    "licence": "unknown",
    "attribution": "unknown",
    "tags": []
  },
  "217b033056ea908d4c5438d81edff01988b3f281.png": {
    "title": "Scenario3-left.png",
    "description": "MIT Moral Machine Game",
    "source": "unknown",
    "licence": "unknown",
    "attribution": "unknown",
    "tags": []
  },
  "38434abc02104befe38ea7da451f125a758eec05.png": {
    "title": "Sceanrio2-left.png",
    "description": "MIT Moral Machine Game",
    "source": "unknown",
    "licence": "unknown",
    "attribution": "unknown",
    "tags": []
  },
  "4b459655653b5860113fc505ea39f2ddd04bab69.png": {
    "title": "Scenario9-right.png",
    "description": "MIT Moral Machine Game",
    "source": "unknown",
    "licence": "unknown",
    "attribution": "unknown",
    "tags": []
  },
  "5b4cd9226dc7be2f41e83aa22d133641851c78cc.png": {
    "title": "Scenario9-left.png",
    "description": " MIT Moral Machine Game",
    "source": "unknown",
    "licence": "unknown",
    "attribution": "unknown",
    "tags": []
  },
  "63277a240e4221dfc09f8c9338b8c5ccc9fad3c5.png": {
    "title": "Scenario6-right.png",
    "description": "MIT Moral Machine Game",
    "source": "unknown",
    "licence": "unknown",
    "attribution": "unknown",
    "tags": []
  },
  "6671dec204b05561412fe8c700913040be0909fd.png": {
    "title": "Scenario7-left.png",
    "description": "MIT Moral Machine Game",
    "source": "unknown",
    "licence": "unknown",
    "attribution": "unknown",
    "tags": []
  },
  "69cc2cc0405711616ce11092d941826c5e57f885.png": {
    "title": "Scenario10-right.png",
    "description": "MIT Moral Machine Game",
    "source": "unknown",
    "licence": "unknown",
    "attribution": "unknown",
    "tags": []
  },
  "9f5925e9a41a7a269a13f26860c1ea5595e3bc8d.png": {
    "title": "Scenario1-Right.png",
    "description": "MIT Moral Machine Game",
    "source": "unknown",
    "licence": "unknown",
    "attribution": "unknown",
    "tags": []
  },
  "aafa48ab660e6fbe0ce50ba7fe60237e9dbd85b6.png": {
    "title": "Scenario8-left.png",
    "description": "MIT Moral Machine Game",
    "source": "unknown",
    "licence": "unknown",
    "attribution": "unknown",
    "tags": []
  },
  "ad71adaa61e744d96d956d767ab158eb378246ff.png": {
    "title": "Scenario7-right.png",
    "description": "MIT Moral Machine Game",
    "source": "unknown",
    "licence": "unknown",
    "attribution": "unknown",
    "tags": []
  },
  "b7e73c878526fc509274af8fbe0050b971aaefba.png": {
    "title": "Scenario4-left.png",
    "description": "MIT Moral Machine Game",
    "source": "unknown",
    "licence": "unknown",
    "attribution": "unknown",
    "tags": []
  },
  "cb72ed0d7d1f39ba0e32f1f53657c4f67101b7df.png": {
    "title": "Scenario5-left.png",
    "description": "MIT Moral Machine Game",
    "source": "unknown",
    "licence": "unknown",
    "attribution": "unknown",
    "tags": []
  },
  "e778c2d24fb05cb90d33e8e9d81a75256abef31e.png": {
    "title": "Scenario10-left.png",
    "description": "MIT Moral Machine Game\n",
    "source": "unknown",
    "licence": "unknown",
    "attribution": "unknown",
    "tags": []
  },
  "e9842ac2941de26a0c2afb8ede22845afce1256a.png": {
    "title": "Scenario5-right.png",
    "description": "MIT Moral Machine Game",
    "source": "unknown",
    "licence": "unknown",
    "attribution": "unknown",
    "tags": []
  },
  "f5b4a265878bdaadec3f7c0d514a8cee633b525f.png": {
    "title": "Scenario8-right.png",
    "description": "MIT Moral Machine Game",
    "source": "unknown",
    "licence": "unknown",
    "attribution": "unknown",
    "tags": []
  }
}